"AphiaID","phylum","class","order","family","genus","species","group","redlist_category","records","max_year","target_gene","source_obis","source_gbif","source_dna"
217352,"Chordata","Elasmobranchii","Carcharhiniformes","Carcharhinidae","Carcharhinus","Carcharhinus albimarginatus","fish","VU",43,2018,,TRUE,TRUE,
105787,"Chordata","Elasmobranchii","Carcharhiniformes","Carcharhinidae","Carcharhinus","Carcharhinus altimus","fish","NT",7,,,TRUE,TRUE,
217341,"Chordata","Elasmobranchii","Carcharhiniformes","Carcharhinidae","Carcharhinus","Carcharhinus brachyurus","fish","VU",6,1979,,TRUE,TRUE,
105789,"Chordata","Elasmobranchii","Carcharhiniformes","Carcharhinidae","Carcharhinus","Carcharhinus falciformis","fish","VU",26,2018,,TRUE,TRUE,
105790,"Chordata","Elasmobranchii","Carcharhiniformes","Carcharhinidae","Carcharhinus","Carcharhinus galapagensis","fish",,43,2018,,TRUE,TRUE,
105792,"Chordata","Elasmobranchii","Carcharhiniformes","Carcharhinidae","Carcharhinus","Carcharhinus leucas","fish","VU",4,,,TRUE,TRUE,
105793,"Chordata","Elasmobranchii","Carcharhiniformes","Carcharhinidae","Carcharhinus","Carcharhinus limbatus","fish","VU",8,1960,,TRUE,TRUE,
105794,"Chordata","Elasmobranchii","Carcharhiniformes","Carcharhinidae","Carcharhinus","Carcharhinus longimanus","fish","CR",4,1957,,TRUE,TRUE,
105796,"Chordata","Elasmobranchii","Carcharhiniformes","Carcharhinidae","Carcharhinus","Carcharhinus obscurus","fish","EN",4,,,TRUE,TRUE,
280077,"Chordata","Elasmobranchii","Carcharhiniformes","Pentanchidae","Cephalurus","Cephalurus cephalus","fish",,3,1892,,TRUE,TRUE,
105799,"Chordata","Elasmobranchii","Carcharhiniformes","Carcharhinidae","Galeocerdo","Galeocerdo cuvier","fish","NT",12,2015,,TRUE,TRUE,
105820,"Chordata","Elasmobranchii","Carcharhiniformes","Triakidae","Galeorhinus","Galeorhinus galeus","fish","CR",6,1960,,TRUE,TRUE,
271363,"Chordata","Elasmobranchii","Carcharhiniformes","Pentanchidae","Galeus","Galeus piperatus","fish",,2,,,TRUE,TRUE,
281637,"Chordata","Elasmobranchii","Carcharhiniformes","Carcharhinidae","Nasolamia","Nasolamia velox","fish","EN",4,,,TRUE,TRUE,
282166,"Chordata","Elasmobranchii","Carcharhiniformes","Pentanchidae","Parmaturus","Parmaturus xaniurus","fish",,2,,,TRUE,TRUE,
105801,"Chordata","Elasmobranchii","Carcharhiniformes","Carcharhinidae","Prionace","Prionace glauca","fish","NT",2,,,TRUE,TRUE,
271327,"Chordata","Elasmobranchii","Carcharhiniformes","Carcharhinidae","Rhizoprionodon","Rhizoprionodon longurio","fish","VU",4,,,TRUE,TRUE,
105816,"Chordata","Elasmobranchii","Carcharhiniformes","Sphyrnidae","Sphyrna","Sphyrna lewini","fish","CR",11,1963,,TRUE,TRUE,
271379,"Chordata","Elasmobranchii","Carcharhiniformes","Sphyrnidae","Sphyrna","Sphyrna media","fish","CR",1,,,TRUE,TRUE,
158517,"Chordata","Elasmobranchii","Carcharhiniformes","Sphyrnidae","Sphyrna","Sphyrna tiburo","fish","EN",4,,,TRUE,TRUE,
105819,"Chordata","Elasmobranchii","Carcharhiniformes","Sphyrnidae","Sphyrna","Sphyrna zygaena","fish","VU",3,,,TRUE,TRUE,
214557,"Chordata","Elasmobranchii","Carcharhiniformes","Carcharhinidae","Triaenodon","Triaenodon obesus","fish","VU",16,2018,,TRUE,TRUE,
271656,"Chordata","Elasmobranchii","Echinorhiniformes","Echinorhinidae","Echinorhinus","Echinorhinus cookei","fish",,4,,,TRUE,TRUE,
220019,"Chordata","Elasmobranchii","Lamniformes","Alopiidae","Alopias","Alopias pelagicus","fish","EN",2,,,TRUE,TRUE,
105835,"Chordata","Elasmobranchii","Lamniformes","Alopiidae","Alopias","Alopias superciliosus","fish","VU",2,,,TRUE,TRUE,
105836,"Chordata","Elasmobranchii","Lamniformes","Alopiidae","Alopias","Alopias vulpinus","fish","VU",2,,,TRUE,TRUE,
105838,"Chordata","Elasmobranchii","Lamniformes","Lamnidae","Carcharodon","Carcharodon carcharias","fish","VU",2,,,TRUE,TRUE,
105839,"Chordata","Elasmobranchii","Lamniformes","Lamnidae","Isurus","Isurus oxyrinchus","fish","EN",2,,,TRUE,TRUE,
712980,"Chordata","Elasmobranchii","Myliobatiformes","Myliobatidae","Aetobatus","Aetobatus laticeps","fish","VU",1,,,TRUE,TRUE,
217426,"Chordata","Elasmobranchii","Myliobatiformes","Myliobatidae","Aetobatus","Aetobatus narinari","fish","EN",3,,,TRUE,TRUE,
271428,"Chordata","Elasmobranchii","Myliobatiformes","Dasyatidae","Dasyatis","Dasyatis brevis","fish",,1,1974,,TRUE,TRUE,
217413,"Chordata","Elasmobranchii","Myliobatiformes","Dasyatidae","Himantura","Himantura undulata","fish","EN",,,,FALSE,TRUE,
1042857,"Chordata","Elasmobranchii","Myliobatiformes","Dasyatidae","Hypanus","Hypanus dipterurus","fish","VU",5,1964,,TRUE,TRUE,
1042860,"Chordata","Elasmobranchii","Myliobatiformes","Dasyatidae","Hypanus","Hypanus longus","fish","VU",18,2018,,TRUE,TRUE,
1026118,"Chordata","Elasmobranchii","Myliobatiformes","Myliobatidae","Mobula","Mobula birostris","fish","EN",13,2015,,TRUE,TRUE,
105858,"Chordata","Elasmobranchii","Myliobatiformes","Myliobatidae","Mobula","Mobula mobular","fish","EN",2,,,TRUE,TRUE,
105859,"Chordata","Elasmobranchii","Myliobatiformes","Myliobatidae","Mobula","Mobula tarapacana","fish","EN",4,,,TRUE,TRUE,
158540,"Chordata","Elasmobranchii","Myliobatiformes","Dasyatidae","Pteroplatytrygon","Pteroplatytrygon violacea","fish",,5,,,TRUE,TRUE,
105847,"Chordata","Elasmobranchii","Orectolobiformes","Rhincodontidae","Rhincodon","Rhincodon typus","fish","EN",8,2014,,TRUE,TRUE,
280551,"Chordata","Elasmobranchii","Torpediniformes","Narcinidae","Diplobatis","Diplobatis ommata","fish",,,,,FALSE,TRUE,
275389,"Chordata","Elasmobranchii","Torpediniformes","Narcinidae","Narcine","Narcine entemedor","fish","VU",9,1973,,TRUE,TRUE,
314348,"Chordata","Petromyzonti","Petromyzontiformes","Petromyzontidae","Entosphenus","Entosphenus tridentatus","fish",,1,,,TRUE,TRUE,
272957,"Chordata","Teleostei","Acanthuriformes","Acanthuridae","Acanthurus","Acanthurus achilles","fish",,1,,,TRUE,TRUE,
219638,"Chordata","Teleostei","Acanthuriformes","Acanthuridae","Acanthurus","Acanthurus nigricans","fish",,64,2018,,TRUE,TRUE,
219630,"Chordata","Teleostei","Acanthuriformes","Acanthuridae","Acanthurus","Acanthurus triostegus","fish",,138,1989,,TRUE,TRUE,
219634,"Chordata","Teleostei","Acanthuriformes","Acanthuridae","Acanthurus","Acanthurus xanthopterus","fish",,8,2018,,TRUE,TRUE,
276412,"Chordata","Teleostei","Acanthuriformes","Ephippidae","Chaetodipterus","Chaetodipterus zonatus","fish",,4,,,TRUE,TRUE,
273343,"Chordata","Teleostei","Acanthuriformes","Chaetodontidae","Chaetodon","Chaetodon humeralis","fish",,4,,,TRUE,TRUE,
218752,"Chordata","Teleostei","Acanthuriformes","Chaetodontidae","Chaetodon","Chaetodon meyeri","fish",,4,,,TRUE,TRUE,
219657,"Chordata","Teleostei","Acanthuriformes","Acanthuridae","Ctenochaetus","Ctenochaetus marginatus","fish",,6,,,TRUE,TRUE,
218760,"Chordata","Teleostei","Acanthuriformes","Chaetodontidae","Forcipiger","Forcipiger flavissimus","fish",,50,2018,,TRUE,TRUE,
218759,"Chordata","Teleostei","Acanthuriformes","Chaetodontidae","Forcipiger","Forcipiger longirostris","fish",,14,1963,,TRUE,TRUE,
276013,"Chordata","Teleostei","Acanthuriformes","Pomacanthidae","Holacanthus","Holacanthus clarionensis","fish","VU",129,2018,,TRUE,TRUE,
276016,"Chordata","Teleostei","Acanthuriformes","Pomacanthidae","Holacanthus","Holacanthus passer","fish",,6,1963,,TRUE,TRUE,
281202,"Chordata","Teleostei","Acanthuriformes","Chaetodontidae","Johnrandallia","Johnrandallia nigrirostris","fish",,62,1974,,TRUE,TRUE,
273633,"Chordata","Teleostei","Acanthuriformes","Lobotidae","Lobotes","Lobotes pacifica","fish",,5,1979,,TRUE,TRUE,
126974,"Chordata","Teleostei","Acanthuriformes","Luvaridae","Luvarus","Luvarus imperialis","fish",,2,,,TRUE,TRUE,
276028,"Chordata","Teleostei","Acanthuriformes","Pomacanthidae","Pomacanthus","Pomacanthus zonipectus","fish",,4,,,TRUE,TRUE,
282346,"Chordata","Teleostei","Acanthuriformes","Acanthuridae","Prionurus","Prionurus laticlavius","fish",,44,1997,,TRUE,TRUE,
282349,"Chordata","Teleostei","Acanthuriformes","Acanthuridae","Prionurus","Prionurus punctatus","fish",,36,1971,,TRUE,TRUE,
273374,"Chordata","Teleostei","Acanthuriformes","Chaetodontidae","Prognathodes","Prognathodes falcifer","fish",,16,2018,,TRUE,TRUE,
220083,"Chordata","Teleostei","Acanthuriformes","Zanclidae","Zanclus","Zanclus cornutus","fish",,47,2018,,TRUE,TRUE,
271800,"Chordata","Teleostei","Anguilliformes","Muraenidae","Anarchias","Anarchias galapagensis","fish",,11,1974,,TRUE,TRUE,
271722,"Chordata","Teleostei","Anguilliformes","Congridae","Ariosoma","Ariosoma gilberti","fish",,5,1954,,TRUE,TRUE,
271904,"Chordata","Teleostei","Anguilliformes","Nemichthyidae","Avocettina","Avocettina bowersii","fish",,1,,,TRUE,TRUE,
217469,"Chordata","Teleostei","Anguilliformes","Muraenidae","Echidna","Echidna nebulosa","fish",,4,,,TRUE,TRUE,
278678,"Chordata","Teleostei","Anguilliformes","Muraenidae","Echidna","Echidna nocturna","fish",,26,1979,,TRUE,TRUE,
271810,"Chordata","Teleostei","Anguilliformes","Muraenidae","Enchelycore","Enchelycore octaviana","fish",,7,1971,,TRUE,TRUE,
277882,"Chordata","Teleostei","Anguilliformes","Congridae","Gorgasia","Gorgasia punctata","fish",,1,,,TRUE,TRUE,
217476,"Chordata","Teleostei","Anguilliformes","Muraenidae","Gymnomuraena","Gymnomuraena zebra","fish",,5,,,TRUE,TRUE,
271825,"Chordata","Teleostei","Anguilliformes","Muraenidae","Gymnothorax","Gymnothorax castaneus","fish",,11,2018,,TRUE,TRUE,
271831,"Chordata","Teleostei","Anguilliformes","Muraenidae","Gymnothorax","Gymnothorax dovii","fish",,9,1957,,TRUE,TRUE,
217495,"Chordata","Teleostei","Anguilliformes","Muraenidae","Gymnothorax","Gymnothorax flavimarginatus","fish",,5,,,TRUE,TRUE,
271866,"Chordata","Teleostei","Anguilliformes","Muraenidae","Gymnothorax","Gymnothorax panamensis","fish",,28,1971,,TRUE,TRUE,
217491,"Chordata","Teleostei","Anguilliformes","Muraenidae","Gymnothorax","Gymnothorax pictus","fish",,4,,,TRUE,TRUE,
217508,"Chordata","Teleostei","Anguilliformes","Muraenidae","Gymnothorax","Gymnothorax undulatus","fish",,4,,,TRUE,TRUE,
271778,"Chordata","Teleostei","Anguilliformes","Congridae","Heteroconger","Heteroconger digueti","fish",,6,,,TRUE,TRUE,
279113,"Chordata","Teleostei","Anguilliformes","Ophichthidae","Ichthyapus","Ichthyapus selachops","fish",,6,,,TRUE,TRUE,
271896,"Chordata","Teleostei","Anguilliformes","Muraenidae","Muraena","Muraena argus","fish",,4,,,TRUE,TRUE,
271898,"Chordata","Teleostei","Anguilliformes","Muraenidae","Muraena","Muraena clepsydra","fish",,4,,,TRUE,TRUE,
271900,"Chordata","Teleostei","Anguilliformes","Muraenidae","Muraena","Muraena lentiginosa","fish",,19,1961,,TRUE,TRUE,
275483,"Chordata","Teleostei","Anguilliformes","Ophichthidae","Myrichthys","Myrichthys aspetocheiros","fish",,1,1971,,TRUE,TRUE,
217578,"Chordata","Teleostei","Anguilliformes","Ophichthidae","Myrichthys","Myrichthys maculosus","fish",,4,1961,,TRUE,TRUE,
275487,"Chordata","Teleostei","Anguilliformes","Ophichthidae","Myrichthys","Myrichthys pantostigmius","fish",,9,1997,,TRUE,TRUE,
275489,"Chordata","Teleostei","Anguilliformes","Ophichthidae","Myrichthys","Myrichthys tigrinus","fish",,2,1971,,TRUE,TRUE,
271789,"Chordata","Teleostei","Anguilliformes","Congridae","Paraconger","Paraconger californiensis","fish",,10,1979,,TRUE,TRUE,
271793,"Chordata","Teleostei","Anguilliformes","Congridae","Paraconger","Paraconger similis","fish",,4,,,TRUE,TRUE,
282061,"Chordata","Teleostei","Anguilliformes","Ophichthidae","Paraletharchus","Paraletharchus opercularis","fish","VU",5,,,TRUE,TRUE,
282533,"Chordata","Teleostei","Anguilliformes","Ophichthidae","Quassiremus","Quassiremus evionthas","fish","VU",2,2018,,TRUE,TRUE,
217530,"Chordata","Teleostei","Anguilliformes","Muraenidae","Scuticaria","Scuticaria tigrina","fish",,7,,,TRUE,TRUE,
212037,"Chordata","Teleostei","Anguilliformes","Muraenidae","Uropterygius","Uropterygius macrocephalus","fish",,28,1971,,TRUE,TRUE,
212032,"Chordata","Teleostei","Anguilliformes","Muraenidae","Uropterygius","Uropterygius marmoratus","fish",,4,1961,,TRUE,TRUE,
277954,"Chordata","Teleostei","Anguilliformes","Muraenidae","Uropterygius","Uropterygius polystictus","fish",,2,,,TRUE,TRUE,
277955,"Chordata","Teleostei","Anguilliformes","Muraenidae","Uropterygius","Uropterygius versutus","fish",,4,,,TRUE,TRUE,
712443,"Chordata","Teleostei","Argentiniformes","Bathylagidae","Bathylagoides","Bathylagoides nigrigenys","fish",,3,,,TRUE,TRUE,
712444,"Chordata","Teleostei","Argentiniformes","Bathylagidae","Bathylagoides","Bathylagoides wesethi","fish",,,,,FALSE,TRUE,
279800,"Chordata","Teleostei","Atheriniformes","Atherinopsidae","Atherinella","Atherinella eriarcha","fish",,132,1974,,TRUE,TRUE,
279812,"Chordata","Teleostei","Atheriniformes","Atherinidae","Atherinops","Atherinops affinis","fish",,1,,,TRUE,TRUE,
126367,"Chordata","Teleostei","Aulopiformes","Scopelarchidae","Scopelarchus","Scopelarchus analis","fish",,2,1971,,TRUE,TRUE,
217668,"Chordata","Teleostei","Aulopiformes","Synodontidae","Synodus","Synodus hoshinonis","fish",,8,1932,,TRUE,TRUE,
272130,"Chordata","Teleostei","Aulopiformes","Synodontidae","Synodus","Synodus lacertinus","fish",,4,1971,,TRUE,TRUE,
159246,"Chordata","Teleostei","Beloniformes","Belonidae","Ablennes","Ablennes hians","fish",,4,,,TRUE,TRUE,
217863,"Chordata","Teleostei","Beloniformes","Exocoetidae","Cheilopogon","Cheilopogon atrisignis","fish",,16,1955,,TRUE,TRUE,
300136,"Chordata","Teleostei","Beloniformes","Exocoetidae","Cheilopogon","Cheilopogon californicus","fish",,8,,,TRUE,FALSE,
217862,"Chordata","Teleostei","Beloniformes","Exocoetidae","Cheilopogon","Cheilopogon cyanopterus","fish",,11,1961,,TRUE,TRUE,
272153,"Chordata","Teleostei","Beloniformes","Exocoetidae","Cheilopogon","Cheilopogon dorsomacula","fish",,2,,,TRUE,TRUE,
159261,"Chordata","Teleostei","Beloniformes","Exocoetidae","Cheilopogon","Cheilopogon furcatus","fish",,,,,FALSE,TRUE,
126382,"Chordata","Teleostei","Beloniformes","Exocoetidae","Cheilopogon","Cheilopogon heterurus","fish",,2,,,TRUE,TRUE,
272159,"Chordata","Teleostei","Beloniformes","Exocoetidae","Cheilopogon","Cheilopogon papilio","fish",,4,,,TRUE,TRUE,
126383,"Chordata","Teleostei","Beloniformes","Exocoetidae","Cheilopogon","Cheilopogon pinnatibarbatus","fish",,,,,FALSE,TRUE,
272163,"Chordata","Teleostei","Beloniformes","Exocoetidae","Cheilopogon","Cheilopogon spilonotopterus","fish",,25,1974,,TRUE,TRUE,
217858,"Chordata","Teleostei","Beloniformes","Exocoetidae","Cheilopogon","Cheilopogon unicolor","fish",,2,,,TRUE,TRUE,
272166,"Chordata","Teleostei","Beloniformes","Exocoetidae","Cheilopogon","Cheilopogon xenopterus","fish",,13,1960,,TRUE,TRUE,
280365,"Chordata","Teleostei","Beloniformes","Scomberesocidae","Cololabis","Cololabis adoceta","fish",,,,,FALSE,TRUE,
280366,"Chordata","Teleostei","Beloniformes","Scomberesocidae","Cololabis","Cololabis saira","fish",,2,,,TRUE,TRUE,
278729,"Chordata","Teleostei","Beloniformes","Exocoetidae","Cypselurus","Cypselurus angusticeps","fish",,9,1989,,TRUE,TRUE,
278730,"Chordata","Teleostei","Beloniformes","Exocoetidae","Cypselurus","Cypselurus callopterus","fish",,5,1946,,TRUE,TRUE,
278731,"Chordata","Teleostei","Beloniformes","Exocoetidae","Cypselurus","Cypselurus comatus","fish",,1,,,TRUE,TRUE,
312479,"Chordata","Teleostei","Beloniformes","Exocoetidae","Cypselurus","Cypselurus simus","fish",,3,1953,,TRUE,TRUE,
220012,"Chordata","Teleostei","Beloniformes","Hemiramphidae","Euleptorhamphus","Euleptorhamphus viridis","fish",,25,1960,,TRUE,TRUE,
217869,"Chordata","Teleostei","Beloniformes","Exocoetidae","Exocoetus","Exocoetus monocirrhus","fish",,9,1958,,TRUE,TRUE,
126385,"Chordata","Teleostei","Beloniformes","Exocoetidae","Exocoetus","Exocoetus volitans","fish",,4,,,TRUE,TRUE,
280792,"Chordata","Teleostei","Beloniformes","Exocoetidae","Fodiator","Fodiator rostratus","fish",,,,,FALSE,TRUE,
272178,"Chordata","Teleostei","Beloniformes","Hemiramphidae","Hemiramphus","Hemiramphus saltator","fish",,5,,,TRUE,TRUE,
272170,"Chordata","Teleostei","Beloniformes","Exocoetidae","Hirundichthys","Hirundichthys marginatus","fish",,12,1999,,TRUE,TRUE,
272171,"Chordata","Teleostei","Beloniformes","Exocoetidae","Hirundichthys","Hirundichthys oxycephalus","fish",,1,,,TRUE,TRUE,
126386,"Chordata","Teleostei","Beloniformes","Exocoetidae","Hirundichthys","Hirundichthys rondeletii","fish",,3,1954,,TRUE,TRUE,
126387,"Chordata","Teleostei","Beloniformes","Exocoetidae","Hirundichthys","Hirundichthys speculiger","fish",,5,1990,,TRUE,TRUE,
217871,"Chordata","Teleostei","Beloniformes","Hemiramphidae","Oxyporhamphus","Oxyporhamphus micropterus","fish",,7,1976,,TRUE,TRUE,
126377,"Chordata","Teleostei","Beloniformes","Belonidae","Platybelone","Platybelone argalus","fish",,15,1979,,TRUE,TRUE,
1592404,"Chordata","Teleostei","Beloniformes","Belonidae","Platybelone","Platybelone platyura","fish",,4,1955,,TRUE,FALSE,
1577348,"Chordata","Teleostei","Beloniformes","Belonidae","Platybelone","Platybelone pterura","fish",,20,1974,,TRUE,FALSE,
217874,"Chordata","Teleostei","Beloniformes","Exocoetidae","Prognichthys","Prognichthys sealei","fish",,2,,,TRUE,TRUE,
277927,"Chordata","Teleostei","Beloniformes","Exocoetidae","Prognichthys","Prognichthys tringa","fish",,4,,,TRUE,TRUE,
275978,"Chordata","Teleostei","Beloniformes","Belonidae","Strongylura","Strongylura exilis","fish",,13,1959,,TRUE,TRUE,
126378,"Chordata","Teleostei","Beloniformes","Belonidae","Tylosurus","Tylosurus acus","fish",,,,,FALSE,TRUE,
300115,"Chordata","Teleostei","Beloniformes","Belonidae","Tylosurus","Tylosurus fodiator","fish",,10,1925,,TRUE,TRUE,
213650,"Chordata","Teleostei","Beloniformes","Belonidae","Tylosurus","Tylosurus melanotus","fish",,6,,,TRUE,FALSE,
272147,"Chordata","Teleostei","Beloniformes","Belonidae","Tylosurus","Tylosurus pacificus","fish",,5,1952,,TRUE,TRUE,
126409,"Chordata","Teleostei","Beryciformes","Cetomimidae","Eutaeniophorus","Eutaeniophorus festivus","fish",,,,,FALSE,TRUE,
274932,"Chordata","Teleostei","Beryciformes","Melamphaidae","Melamphaes","Melamphaes lugubris","fish",,,,,FALSE,TRUE,
274936,"Chordata","Teleostei","Beryciformes","Melamphaidae","Melamphaes","Melamphaes spinifer","fish",,2,1954,,TRUE,TRUE,
127273,"Chordata","Teleostei","Beryciformes","Melamphaidae","Poromitra","Poromitra crassiceps","fish",,,,,FALSE,TRUE,
274939,"Chordata","Teleostei","Beryciformes","Melamphaidae","Poromitra","Poromitra oscitans","fish",,1,,,TRUE,TRUE,
127276,"Chordata","Teleostei","Beryciformes","Melamphaidae","Scopeloberyx","Scopeloberyx robustus","fish",,1,,,TRUE,TRUE,
306621,"Chordata","Teleostei","Beryciformes","Melamphaidae","Scopelogadus","Scopelogadus bispinosus","fish",,4,1954,,TRUE,TRUE,
127279,"Chordata","Teleostei","Beryciformes","Melamphaidae","Scopelogadus","Scopelogadus mizolepis","fish",,1,1971,,TRUE,TRUE,
279449,"Chordata","Teleostei","Blenniiformes","Chaenopsidae","Acanthemblemaria","Acanthemblemaria crockeri","fish",,1,1955,,TRUE,TRUE,
279455,"Chordata","Teleostei","Blenniiformes","Chaenopsidae","Acanthemblemaria","Acanthemblemaria macrospilus","fish",,5,1970,,TRUE,TRUE,
279456,"Chordata","Teleostei","Blenniiformes","Chaenopsidae","Acanthemblemaria","Acanthemblemaria mangognatha","fish","VU",21,1990,,TRUE,TRUE,
279848,"Chordata","Teleostei","Blenniiformes","Tripterygiidae","Axoclinus","Axoclinus multicinctus","fish","VU",21,1991,,TRUE,TRUE,
712828,"Chordata","Teleostei","Blenniiformes","Dactyloscopidae","Dactyloscopus","Dactyloscopus insulatus","fish","VU",8,1970,,TRUE,TRUE,
276404,"Chordata","Teleostei","Blenniiformes","Dactyloscopidae","Dactyloscopus","Dactyloscopus pectoralis","fish",,8,,,TRUE,FALSE,
835051,"Chordata","Teleostei","Blenniiformes","Tripterygiidae","Enneanectes","Enneanectes exsul","fish",,11,1970,,TRUE,TRUE,
277243,"Chordata","Teleostei","Blenniiformes","Blenniidae","Entomacrodus","Entomacrodus chiostictus","fish",,277,1971,,TRUE,TRUE,
280849,"Chordata","Teleostei","Blenniiformes","Dactyloscopidae","Gillellus","Gillellus semicinctus","fish",,9,1970,,TRUE,TRUE,
281067,"Chordata","Teleostei","Blenniiformes","Clinidae","Heteroclinus","Heteroclinus tristis","fish",,,,,FALSE,TRUE,
276330,"Chordata","Teleostei","Blenniiformes","Blenniidae","Hypsoblennius","Hypsoblennius proteus","fish","VU",22,1990,,TRUE,TRUE,
281258,"Chordata","Teleostei","Blenniiformes","Labrisomidae","Labrisomus","Labrisomus multiporosus","fish",,4,,,TRUE,TRUE,
281263,"Chordata","Teleostei","Blenniiformes","Labrisomidae","Labrisomus","Labrisomus socorroensis","fish","VU",27,1974,,TRUE,TRUE,
281266,"Chordata","Teleostei","Blenniiformes","Labrisomidae","Labrisomus","Labrisomus xanti","fish",,5,,,TRUE,TRUE,
712819,"Chordata","Teleostei","Blenniiformes","Labrisomidae","Malacoctenus","Malacoctenus mexicanus","fish",,1,,,TRUE,TRUE,
281624,"Chordata","Teleostei","Blenniiformes","Dactyloscopidae","Myxodagnus","Myxodagnus opercularis","fish",,11,1970,,TRUE,TRUE,
126769,"Chordata","Teleostei","Blenniiformes","Blenniidae","Ophioblennius","Ophioblennius atlanticus","fish",,106,1932,,TRUE,TRUE,
273126,"Chordata","Teleostei","Blenniiformes","Blenniidae","Ophioblennius","Ophioblennius steindachneri","fish",,53,1974,,TRUE,TRUE,
278234,"Chordata","Teleostei","Blenniiformes","Blenniidae","Plagiotremus","Plagiotremus azaleus","fish",,8,1971,,TRUE,TRUE,
280783,"Chordata","Teleostei","Carangaria incertae sedis","Polynemidae","Filimanus","Filimanus sealei","fish",,,,,FALSE,TRUE,
367295,"Chordata","Teleostei","Carangaria incertae sedis","Polynemidae","Polydactylus","Polydactylus opercularis","fish",,1,1951,,TRUE,TRUE,
273978,"Chordata","Teleostei","Carangaria incertae sedis","Sphyraenidae","Sphyraena","Sphyraena argentea","fish",,4,,,TRUE,TRUE,
159629,"Chordata","Teleostei","Carangiformes","Carangidae","Alectis","Alectis ciliaris","fish",,6,1980,,TRUE,TRUE,
276243,"Chordata","Teleostei","Carangiformes","Carangidae","Carangoides","Carangoides otrynter","fish",,6,1979,,TRUE,TRUE,
273271,"Chordata","Teleostei","Carangiformes","Carangidae","Caranx","Caranx caballus","fish",,29,1980,,TRUE,TRUE,
273272,"Chordata","Teleostei","Carangiformes","Carangidae","Caranx","Caranx caninus","fish",,4,,,TRUE,TRUE,
126805,"Chordata","Teleostei","Carangiformes","Carangidae","Caranx","Caranx lugubris","fish",,105,2018,,TRUE,TRUE,
218419,"Chordata","Teleostei","Carangiformes","Carangidae","Caranx","Caranx melampygus","fish",,64,2018,,TRUE,TRUE,
218404,"Chordata","Teleostei","Carangiformes","Carangidae","Caranx","Caranx sexfasciatus","fish",,25,1979,,TRUE,TRUE,
276245,"Chordata","Teleostei","Carangiformes","Carangidae","Chloroscombrus","Chloroscombrus orqueta","fish",,4,,,TRUE,TRUE,
126845,"Chordata","Teleostei","Carangiformes","Coryphaenidae","Coryphaena","Coryphaena equiselis","fish",,12,1999,,TRUE,TRUE,
126846,"Chordata","Teleostei","Carangiformes","Coryphaenidae","Coryphaena","Coryphaena hippurus","fish",,7,,,TRUE,TRUE,
126807,"Chordata","Teleostei","Carangiformes","Carangidae","Decapterus","Decapterus macarellus","fish",,8,1974,,TRUE,TRUE,
273279,"Chordata","Teleostei","Carangiformes","Carangidae","Decapterus","Decapterus muroadsi","fish",,12,1969,,TRUE,TRUE,
126808,"Chordata","Teleostei","Carangiformes","Carangidae","Decapterus","Decapterus punctatus","fish",,2,1957,,TRUE,TRUE,
126848,"Chordata","Teleostei","Carangiformes","Echeneidae","Echeneis","Echeneis naucrates","fish",,4,,,TRUE,TRUE,
126809,"Chordata","Teleostei","Carangiformes","Carangidae","Elagatis","Elagatis bipinnulata","fish",,12,2018,,TRUE,TRUE,
1605280,"Chordata","Teleostei","Carangiformes","Carangidae","Ferdauia","Ferdauia orthogrammus","fish",,41,1978,,TRUE,TRUE,
218429,"Chordata","Teleostei","Carangiformes","Carangidae","Gnathanodon","Gnathanodon speciosus","fish",,5,,,TRUE,TRUE,
276354,"Chordata","Teleostei","Carangiformes","Carangidae","Hemicaranx","Hemicaranx zelotes","fish",,1,,,TRUE,TRUE,
712905,"Chordata","Teleostei","Carangiformes","Istiophoridae","Istiompax","Istiompax indica","fish",,4,,,TRUE,TRUE,
158812,"Chordata","Teleostei","Carangiformes","Istiophoridae","Istiophorus","Istiophorus platypterus","fish","VU",4,,,TRUE,TRUE,
712907,"Chordata","Teleostei","Carangiformes","Istiophoridae","Kajikia","Kajikia audax","fish",,4,,,TRUE,TRUE,
126950,"Chordata","Teleostei","Carangiformes","Istiophoridae","Makaira","Makaira nigricans","fish","VU",4,,,TRUE,TRUE,
126811,"Chordata","Teleostei","Carangiformes","Carangidae","Naucrates","Naucrates ductor","fish",,8,1976,,TRUE,TRUE,
281664,"Chordata","Teleostei","Carangiformes","Nematistiidae","Nematistius","Nematistius pectoralis","fish",,2,,,TRUE,TRUE,
1485132,"Chordata","Teleostei","Carangiformes","Carangidae","Paratractus","Paratractus caballus","fish",,1,1932,,TRUE,FALSE,
126849,"Chordata","Teleostei","Carangiformes","Echeneidae","Phtheirichthys","Phtheirichthys lineatus","fish",,8,1976,,TRUE,TRUE,
302877,"Chordata","Teleostei","Carangiformes","Echeneidae","Remora","Remora albescens","fish",,6,,,TRUE,TRUE,
126850,"Chordata","Teleostei","Carangiformes","Echeneidae","Remora","Remora australis","fish",,2,,,TRUE,TRUE,
126851,"Chordata","Teleostei","Carangiformes","Echeneidae","Remora","Remora brachyptera","fish",,7,1958,,TRUE,TRUE,
126852,"Chordata","Teleostei","Carangiformes","Echeneidae","Remora","Remora osteochir","fish",,2,,,TRUE,TRUE,
126853,"Chordata","Teleostei","Carangiformes","Echeneidae","Remora","Remora remora","fish",,34,1962,,TRUE,TRUE,
159646,"Chordata","Teleostei","Carangiformes","Carangidae","Selar","Selar crumenophthalmus","fish",,12,1980,,TRUE,TRUE,
273286,"Chordata","Teleostei","Carangiformes","Carangidae","Selene","Selene peruviana","fish",,2,1959,,TRUE,TRUE,
218436,"Chordata","Teleostei","Carangiformes","Carangidae","Seriola","Seriola lalandi","fish",,4,,,TRUE,TRUE,
126818,"Chordata","Teleostei","Carangiformes","Carangidae","Seriola","Seriola rivoliana","fish",,35,2018,,TRUE,TRUE,
219734,"Chordata","Teleostei","Carangiformes","Istiophoridae","Tetrapturus","Tetrapturus angustirostris","fish",,2,,,TRUE,TRUE,
273298,"Chordata","Teleostei","Carangiformes","Carangidae","Trachinotus","Trachinotus stilbe","fish",,23,1997,,TRUE,TRUE,
273305,"Chordata","Teleostei","Carangiformes","Carangidae","Trachurus","Trachurus symmetricus","fish",,2,,,TRUE,TRUE,
218449,"Chordata","Teleostei","Carangiformes","Carangidae","Uraspis","Uraspis helvola","fish",,9,1952,,TRUE,TRUE,
159658,"Chordata","Teleostei","Carangiformes","Carangidae","Uraspis","Uraspis secunda","fish",,8,1979,,TRUE,TRUE,
127094,"Chordata","Teleostei","Carangiformes","Xiphiidae","Xiphias","Xiphias gladius","fish","NT",2,,,TRUE,TRUE,
218853,"Chordata","Teleostei","Centrarchiformes","Cirrhitidae","Cirrhitichthys","Cirrhitichthys oxycephalus","fish",,25,1990,,TRUE,TRUE,
279160,"Chordata","Teleostei","Centrarchiformes","Cirrhitidae","Cirrhitus","Cirrhitus rivulatus","fish",,54,1971,,TRUE,TRUE,
280865,"Chordata","Teleostei","Centrarchiformes","Kyphosidae","Girella","Girella nigricans","fish",,7,1897,,TRUE,TRUE,
218355,"Chordata","Teleostei","Centrarchiformes","Kuhliidae","Kuhlia","Kuhlia mugil","fish",,184,1989,,TRUE,TRUE,
218707,"Chordata","Teleostei","Centrarchiformes","Kyphosidae","Kyphosus","Kyphosus bigibbus","fish",,,,,FALSE,TRUE,
273521,"Chordata","Teleostei","Centrarchiformes","Kyphosidae","Kyphosus","Kyphosus elegans","fish",,84,1980,,TRUE,TRUE,
273523,"Chordata","Teleostei","Centrarchiformes","Kyphosidae","Kyphosus","Kyphosus lutescens","fish",,58,1962,,TRUE,TRUE,
1018702,"Chordata","Teleostei","Centrarchiformes","Kyphosidae","Kyphosus","Kyphosus ocyurus","fish",,6,1973,,TRUE,TRUE,
273524,"Chordata","Teleostei","Centrarchiformes","Kyphosidae","Kyphosus","Kyphosus pacificus","fish",,2,,,TRUE,TRUE,
303486,"Chordata","Teleostei","Centrarchiformes","Kyphosidae","Kyphosus","Kyphosus sectatrix","fish",,9,1974,,TRUE,TRUE,
218706,"Chordata","Teleostei","Centrarchiformes","Kyphosidae","Kyphosus","Kyphosus vaigiensis","fish",,10,1955,,TRUE,TRUE,
218865,"Chordata","Teleostei","Centrarchiformes","Cirrhitidae","Oxycirrhites","Oxycirrhites typus","fish",,4,,,TRUE,TRUE,
280092,"Chordata","Teleostei","Clupeiformes","Engraulidae","Cetengraulis","Cetengraulis mysticetus","fish",,5,1953,,TRUE,TRUE,
308314,"Chordata","Teleostei","Clupeiformes","Dussumieriidae","Etrumeus","Etrumeus acuminatus","fish",,1,,,TRUE,TRUE,
217452,"Chordata","Teleostei","Clupeiformes","Alosidae","Sardinops","Sardinops sagax","fish",,5,,,TRUE,TRUE,
276032,"Chordata","Teleostei","Cyprinodontiformes","Fundulidae","Fundulus","Fundulus parvipinnis","fish",,2,,,TRUE,TRUE,
279619,"Chordata","Teleostei","Eupercaria incertae sedis","Haemulidae","Anisotremus","Anisotremus interruptus","fish",,35,2018,,TRUE,TRUE,
1536508,"Chordata","Teleostei","Eupercaria incertae sedis","Haemulidae","Anisotremus","Anisotremus perezponcedeleoni","fish",,,,,FALSE,TRUE,
279624,"Chordata","Teleostei","Eupercaria incertae sedis","Haemulidae","Anisotremus","Anisotremus taeniatus","fish",,5,,,TRUE,TRUE,
273527,"Chordata","Teleostei","Eupercaria incertae sedis","Labridae","Bodianus","Bodianus diplotaenia","fish",,120,2018,,TRUE,TRUE,
1702292,"Chordata","Teleostei","Eupercaria incertae sedis","Labridae","Bodianus","Bodianus pulcher","fish",,,,,FALSE,TRUE,
1577331,"Chordata","Teleostei","Eupercaria incertae sedis","Haemulidae","Brachygenys","Brachygenys jessiae","fish","VU",1,,,TRUE,TRUE,
275967,"Chordata","Teleostei","Eupercaria incertae sedis","Sparidae","Calamus","Calamus brachysomus","fish",,4,,,TRUE,TRUE,
219076,"Chordata","Teleostei","Eupercaria incertae sedis","Scaridae","Calotomus","Calotomus carolinus","fish",,15,1974,,TRUE,TRUE,
219075,"Chordata","Teleostei","Eupercaria incertae sedis","Scaridae","Calotomus","Calotomus spinidens","fish",,1,1970,,TRUE,TRUE,
367211,"Chordata","Teleostei","Eupercaria incertae sedis","Malacanthidae","Caulolatilus","Caulolatilus affinis","fish",,5,,,TRUE,TRUE,
276217,"Chordata","Teleostei","Eupercaria incertae sedis","Malacanthidae","Caulolatilus","Caulolatilus princeps","fish",,4,,,TRUE,TRUE,
277507,"Chordata","Teleostei","Eupercaria incertae sedis","Scaridae","Chlorurus","Chlorurus microrhinos","fish",,,,,FALSE,TRUE,
127003,"Chordata","Teleostei","Eupercaria incertae sedis","Priacanthidae","Cookeolus","Cookeolus japonicus","fish",,5,,,TRUE,TRUE,
276095,"Chordata","Teleostei","Eupercaria incertae sedis","Sciaenidae","Cynoscion","Cynoscion xanthulus","fish",,3,1955,,TRUE,TRUE,
398538,"Chordata","Teleostei","Eupercaria incertae sedis","Gerreidae","Diapterus","Diapterus brevirostris","fish",,4,,,TRUE,TRUE,
275747,"Chordata","Teleostei","Eupercaria incertae sedis","Labridae","Halichoeres","Halichoeres adustus","fish","VU",8,,,TRUE,TRUE,
275756,"Chordata","Teleostei","Eupercaria incertae sedis","Labridae","Halichoeres","Halichoeres chierchiae","fish",,4,,,TRUE,TRUE,
275763,"Chordata","Teleostei","Eupercaria incertae sedis","Labridae","Halichoeres","Halichoeres dispilus","fish",,6,,,TRUE,TRUE,
275767,"Chordata","Teleostei","Eupercaria incertae sedis","Labridae","Halichoeres","Halichoeres insularis","fish","VU",13,1991,,TRUE,TRUE,
275775,"Chordata","Teleostei","Eupercaria incertae sedis","Labridae","Halichoeres","Halichoeres melanotis","fish",,5,,,TRUE,TRUE,
275780,"Chordata","Teleostei","Eupercaria incertae sedis","Labridae","Halichoeres","Halichoeres nicholsi","fish",,31,1979,,TRUE,TRUE,
275781,"Chordata","Teleostei","Eupercaria incertae sedis","Labridae","Halichoeres","Halichoeres notospilus","fish",,22,1963,,TRUE,TRUE,
275798,"Chordata","Teleostei","Eupercaria incertae sedis","Labridae","Halichoeres","Halichoeres semicinctus","fish",,,,,FALSE,TRUE,
127004,"Chordata","Teleostei","Eupercaria incertae sedis","Priacanthidae","Heteropriacanthus","Heteropriacanthus cruentatus","fish",,82,2018,,TRUE,TRUE,
281087,"Chordata","Teleostei","Eupercaria incertae sedis","Lutjanidae","Hoplopagrus","Hoplopagrus guentherii","fish",,6,,,TRUE,TRUE,
219004,"Chordata","Teleostei","Eupercaria incertae sedis","Labridae","Iniistius","Iniistius pavo","fish",,4,,,TRUE,TRUE,
276524,"Chordata","Teleostei","Eupercaria incertae sedis","Lutjanidae","Lutjanus","Lutjanus argentiventris","fish",,5,2018,,TRUE,TRUE,
276540,"Chordata","Teleostei","Eupercaria incertae sedis","Lutjanidae","Lutjanus","Lutjanus inermis","fish",,2,,,TRUE,TRUE,
276544,"Chordata","Teleostei","Eupercaria incertae sedis","Lutjanidae","Lutjanus","Lutjanus novemfasciatus","fish",,1,2018,,TRUE,TRUE,
276546,"Chordata","Teleostei","Eupercaria incertae sedis","Lutjanidae","Lutjanus","Lutjanus peru","fish",,6,1980,,TRUE,TRUE,
276552,"Chordata","Teleostei","Eupercaria incertae sedis","Lutjanidae","Lutjanus","Lutjanus viridis","fish",,110,2018,,TRUE,TRUE,
276038,"Chordata","Teleostei","Eupercaria incertae sedis","Scaridae","Nicholsina","Nicholsina denticulata","fish",,5,1963,,TRUE,TRUE,
219035,"Chordata","Teleostei","Eupercaria incertae sedis","Labridae","Novaculichthys","Novaculichthys taeniourus","fish",,7,,,TRUE,TRUE,
275741,"Chordata","Teleostei","Eupercaria incertae sedis","Haemulidae","Orthopristis","Orthopristis chalceus","fish",,1,,,TRUE,TRUE,
282144,"Chordata","Teleostei","Eupercaria incertae sedis","Sciaenidae","Pareques","Pareques viola","fish",,12,2019,,TRUE,TRUE,
273763,"Chordata","Teleostei","Eupercaria incertae sedis","Priacanthidae","Priacanthus","Priacanthus alalaua","fish",,21,1985,,TRUE,TRUE,
276037,"Chordata","Teleostei","Eupercaria incertae sedis","Priacanthidae","Pristigenys","Pristigenys serrula","fish",,7,2018,,TRUE,TRUE,
276043,"Chordata","Teleostei","Eupercaria incertae sedis","Scaridae","Scarus","Scarus compressus","fish",,4,1971,,TRUE,TRUE,
219127,"Chordata","Teleostei","Eupercaria incertae sedis","Scaridae","Scarus","Scarus ghobban","fish",,4,1925,,TRUE,TRUE,
276057,"Chordata","Teleostei","Eupercaria incertae sedis","Scaridae","Scarus","Scarus perrico","fish",,4,,,TRUE,TRUE,
219124,"Chordata","Teleostei","Eupercaria incertae sedis","Scaridae","Scarus","Scarus rubroviolaceus","fish",,18,1974,,TRUE,TRUE,
273790,"Chordata","Teleostei","Eupercaria incertae sedis","Sciaenidae","Sciaena","Sciaena deliciosa","fish",,1,1961,,TRUE,TRUE,
282753,"Chordata","Teleostei","Eupercaria incertae sedis","Labridae","Semicossyphus","Semicossyphus pulcher","fish","VU",2,,,TRUE,FALSE,
277106,"Chordata","Teleostei","Eupercaria incertae sedis","Labridae","Stethojulis","Stethojulis bandanensis","fish",,4,,,TRUE,TRUE,
273580,"Chordata","Teleostei","Eupercaria incertae sedis","Labridae","Thalassoma","Thalassoma grammaticum","fish",,45,2018,,TRUE,TRUE,
273584,"Chordata","Teleostei","Eupercaria incertae sedis","Labridae","Thalassoma","Thalassoma lucasanum","fish",,53,2018,,TRUE,TRUE,
273585,"Chordata","Teleostei","Eupercaria incertae sedis","Labridae","Thalassoma","Thalassoma lutescens","fish",,25,1989,,TRUE,TRUE,
273593,"Chordata","Teleostei","Eupercaria incertae sedis","Labridae","Thalassoma","Thalassoma virens","fish","VU",37,1974,,TRUE,TRUE,
272290,"Chordata","Teleostei","Gadiformes","Bregmacerotidae","Bregmaceros","Bregmaceros bathymaster","fish",,6,1958,,TRUE,TRUE,
217740,"Chordata","Teleostei","Gadiformes","Bregmacerotidae","Bregmaceros","Bregmaceros mcclellandi","fish",,1,,,TRUE,TRUE,
272479,"Chordata","Teleostei","Gadiformes","Moridae","Laemonema","Laemonema verecundum","fish",,10,1971,,TRUE,TRUE,
272458,"Chordata","Teleostei","Gadiformes","Merlucciidae","Merluccius","Merluccius productus","fish",,4,,,TRUE,TRUE,
272416,"Chordata","Teleostei","Gadiformes","Macrouridae","Nezumia","Nezumia liolepis","fish",,,,,FALSE,TRUE,
275663,"Chordata","Teleostei","Gobiesociformes","Gobiesocidae","Gobiesox","Gobiesox adustus","fish",,8,1946,,TRUE,TRUE,
275664,"Chordata","Teleostei","Gobiesociformes","Gobiesocidae","Gobiesox","Gobiesox aethus","fish","VU",6,,,TRUE,TRUE,
275666,"Chordata","Teleostei","Gobiesociformes","Gobiesocidae","Gobiesox","Gobiesox canidens","fish","VU",29,1970,,TRUE,TRUE,
282983,"Chordata","Teleostei","Gobiesociformes","Gobiesocidae","Tomicodon","Tomicodon absitus","fish","VU",28,1970,,TRUE,TRUE,
282992,"Chordata","Teleostei","Gobiesociformes","Gobiesocidae","Tomicodon","Tomicodon eos","fish",,1,,,TRUE,TRUE,
282998,"Chordata","Teleostei","Gobiesociformes","Gobiesocidae","Tomicodon","Tomicodon petersii","fish",,1,,,TRUE,TRUE,
283004,"Chordata","Teleostei","Gobiesociformes","Gobiesocidae","Tomicodon","Tomicodon zebra","fish",,4,,,TRUE,TRUE,
277636,"Chordata","Teleostei","Gobiiformes","Gobiidae","Bathygobius","Bathygobius ramosus","fish",,37,1989,,TRUE,TRUE,
277638,"Chordata","Teleostei","Gobiiformes","Gobiidae","Bathygobius","Bathygobius soporator","fish",,182,1925,,TRUE,TRUE,
276435,"Chordata","Teleostei","Gobiiformes","Gobiidae","Coryphopterus","Coryphopterus urospilus","fish",,15,1971,,TRUE,TRUE,
281461,"Chordata","Teleostei","Gobiiformes","Gobiidae","Lythrypnus","Lythrypnus insularis","fish","VU",9,1990,,TRUE,TRUE,
281468,"Chordata","Teleostei","Gobiiformes","Gobiidae","Lythrypnus","Lythrypnus pulchellus","fish",,4,1955,,TRUE,TRUE,
281469,"Chordata","Teleostei","Gobiiformes","Gobiidae","Lythrypnus","Lythrypnus rhizophora","fish",,15,1970,,TRUE,TRUE,
281472,"Chordata","Teleostei","Gobiiformes","Gobiidae","Lythrypnus","Lythrypnus zebra","fish",,19,1971,,TRUE,TRUE,
282679,"Chordata","Teleostei","Gobiiformes","Schindleriidae","Schindleria","Schindleria praematura","fish",,9,1958,,TRUE,TRUE,
217927,"Chordata","Teleostei","Holocentriformes","Holocentridae","Myripristis","Myripristis berndti","fish",,6,,,TRUE,TRUE,
276193,"Chordata","Teleostei","Holocentriformes","Holocentridae","Myripristis","Myripristis clarionensis","fish","VU",203,1980,,TRUE,TRUE,
276199,"Chordata","Teleostei","Holocentriformes","Holocentridae","Myripristis","Myripristis leiognathus","fish",,10,1961,,TRUE,TRUE,
217937,"Chordata","Teleostei","Holocentriformes","Holocentridae","Plectrypops","Plectrypops lima","fish",,5,1971,,TRUE,TRUE,
1021098,"Chordata","Teleostei","Holocentriformes","Holocentridae","Sargocentron","Sargocentron suborbitale","fish",,63,1974,,TRUE,TRUE,
272978,"Chordata","Teleostei","Kurtiformes","Apogonidae","Apogon","Apogon atricaudus","fish",,127,1997,,TRUE,TRUE,
273009,"Chordata","Teleostei","Kurtiformes","Apogonidae","Apogon","Apogon dovii","fish",,4,,,TRUE,TRUE,
273016,"Chordata","Teleostei","Kurtiformes","Apogonidae","Apogon","Apogon guadalupensis","fish",,16,1971,,TRUE,TRUE,
273084,"Chordata","Teleostei","Kurtiformes","Apogonidae","Apogon","Apogon retrosella","fish",,4,,,TRUE,TRUE,
158922,"Chordata","Teleostei","Lampriformes","Trachipteridae","Desmodema","Desmodema polystictum","fish",,3,1967,,TRUE,TRUE,
217888,"Chordata","Teleostei","Lampriformes","Lophotidae","Eumecichthys","Eumecichthys fiski","fish",,3,1965,,TRUE,TRUE,
1592389,"Chordata","Teleostei","Lophiiformes","Antennariidae","Abantennarius","Abantennarius sanguineus","fish",,8,1971,,TRUE,TRUE,
217852,"Chordata","Teleostei","Lophiiformes","Antennariidae","Antennarius","Antennarius commerson","fish",,4,,,TRUE,TRUE,
279164,"Chordata","Teleostei","Lophiiformes","Antennariidae","Antennatus","Antennatus strigatus","fish",,6,1957,,TRUE,TRUE,
272614,"Chordata","Teleostei","Lophiiformes","Ogcocephalidae","Dibranchus","Dibranchus spongiosa","fish",,11,1889,,TRUE,TRUE,
712506,"Chordata","Teleostei","Lophiiformes","Antennariidae","Fowlerichthys","Fowlerichthys avalonis","fish",,1,,,TRUE,TRUE,
280101,"Chordata","Teleostei","Mugiliformes","Mugilidae","Chaenomugil","Chaenomugil proboscideus","fish",,216,1981,,TRUE,TRUE,
159416,"Chordata","Teleostei","Mugiliformes","Mugilidae","Mugil","Mugil curema","fish",,28,1974,,TRUE,TRUE,
273659,"Chordata","Teleostei","Mugiliformes","Mugilidae","Mugil","Mugil setosus","fish",,13,1974,,TRUE,TRUE,
293658,"Chordata","Teleostei","Mugiliformes","Mugilidae","Mugil","Mugil thoburni","fish",,2,,,TRUE,TRUE,
277990,"Chordata","Teleostei","Mulliformes","Mullidae","Mulloidichthys","Mulloidichthys dentatus","fish",,24,1974,,TRUE,TRUE,
273662,"Chordata","Teleostei","Mulliformes","Mullidae","Pseudupeneus","Pseudupeneus grandisquamis","fish",,4,,,TRUE,TRUE,
272650,"Chordata","Teleostei","Myctophiformes","Myctophidae","Bolinichthys","Bolinichthys longipes","fish",,4,1954,,TRUE,TRUE,
272652,"Chordata","Teleostei","Myctophiformes","Myctophidae","Bolinichthys","Bolinichthys pyrsobolus","fish",,1,,,TRUE,TRUE,
272656,"Chordata","Teleostei","Myctophiformes","Myctophidae","Ceratoscopelus","Ceratoscopelus townsendi","fish",,1,,,TRUE,TRUE,
126586,"Chordata","Teleostei","Myctophiformes","Myctophidae","Ceratoscopelus","Ceratoscopelus warmingii","fish",,2,1971,,TRUE,TRUE,
272657,"Chordata","Teleostei","Myctophiformes","Myctophidae","Diaphus","Diaphus anderseni","fish",,1,,,TRUE,TRUE,
272684,"Chordata","Teleostei","Myctophiformes","Myctophidae","Diaphus","Diaphus pacificus","fish",,5,1958,,TRUE,TRUE,
272701,"Chordata","Teleostei","Myctophiformes","Myctophidae","Diogenichthys","Diogenichthys laternatus","fish",,6,1971,,TRUE,TRUE,
126601,"Chordata","Teleostei","Myctophiformes","Myctophidae","Gonichthys","Gonichthys cocco","fish",,7,1956,,TRUE,TRUE,
272702,"Chordata","Teleostei","Myctophiformes","Myctophidae","Gonichthys","Gonichthys tenuiculus","fish",,2,1970,,TRUE,TRUE,
272704,"Chordata","Teleostei","Myctophiformes","Myctophidae","Hygophum","Hygophum atratum","fish",,9,2000,,TRUE,TRUE,
126604,"Chordata","Teleostei","Myctophiformes","Myctophidae","Hygophum","Hygophum reinhardtii","fish",,7,1958,,TRUE,TRUE,
301525,"Chordata","Teleostei","Myctophiformes","Myctophidae","Lampanyctus","Lampanyctus idostigma","fish",,4,1954,,TRUE,TRUE,
272714,"Chordata","Teleostei","Myctophiformes","Myctophidae","Lampanyctus","Lampanyctus omostigma","fish",,2,,,TRUE,TRUE,
272715,"Chordata","Teleostei","Myctophiformes","Myctophidae","Lampanyctus","Lampanyctus parvicauda","fish",,2,1954,,TRUE,TRUE,
301548,"Chordata","Teleostei","Myctophiformes","Myctophidae","Lampanyctus","Lampanyctus ritteri","fish",,5,1954,,TRUE,TRUE,
217715,"Chordata","Teleostei","Myctophiformes","Myctophidae","Myctophum","Myctophum aurolaternatum","fish",,7,2000,,TRUE,TRUE,
272731,"Chordata","Teleostei","Myctophiformes","Myctophidae","Protomyctophum","Protomyctophum crockeri","fish",,,,,FALSE,TRUE,
126636,"Chordata","Teleostei","Myctophiformes","Neoscopelidae","Scopelengys","Scopelengys tristis","fish",,,,,FALSE,TRUE,
272733,"Chordata","Teleostei","Myctophiformes","Myctophidae","Symbolophorus","Symbolophorus californiensis","fish",,2,1963,,TRUE,TRUE,
278566,"Chordata","Teleostei","Myctophiformes","Myctophidae","Triphoturus","Triphoturus mexicanus","fish",,,,,FALSE,TRUE,
275890,"Chordata","Teleostei","Ophidiiformes","Ophidiidae","Brotula","Brotula ordwayi","fish",,4,,,TRUE,TRUE,
217823,"Chordata","Teleostei","Ophidiiformes","Carapidae","Carapus","Carapus mourlani","fish",,,,,FALSE,TRUE,
272770,"Chordata","Teleostei","Ophidiiformes","Bythitidae","Grammonus","Grammonus diagrammus","fish",,6,1974,,TRUE,TRUE,
273696,"Chordata","Teleostei","Ovalentaria incertae sedis","Pomacentridae","Abudefduf","Abudefduf concolor","fish",,,,,FALSE,TRUE,
273698,"Chordata","Teleostei","Ovalentaria incertae sedis","Pomacentridae","Abudefduf","Abudefduf declivifrons","fish",,5,1961,,TRUE,TRUE,
159288,"Chordata","Teleostei","Ovalentaria incertae sedis","Pomacentridae","Abudefduf","Abudefduf saxatilis","fish",,68,1963,,TRUE,TRUE,
273702,"Chordata","Teleostei","Ovalentaria incertae sedis","Pomacentridae","Abudefduf","Abudefduf troschelii","fish",,64,1989,,TRUE,TRUE,
1580692,"Chordata","Teleostei","Ovalentaria incertae sedis","Pomacentridae","Azurina","Azurina atrilobata","fish",,6,1957,,TRUE,TRUE,
279852,"Chordata","Teleostei","Ovalentaria incertae sedis","Pomacentridae","Azurina","Azurina hirundo","fish","NT",24,1974,,TRUE,TRUE,
273710,"Chordata","Teleostei","Ovalentaria incertae sedis","Pomacentridae","Chromis","Chromis alta","fish",,15,2018,,TRUE,TRUE,
273736,"Chordata","Teleostei","Ovalentaria incertae sedis","Pomacentridae","Chromis","Chromis limbaughi","fish",,7,,,TRUE,TRUE,
281130,"Chordata","Teleostei","Ovalentaria incertae sedis","Pomacentridae","Hypsypops","Hypsypops rubicundus","fish",,6,,,TRUE,TRUE,
281570,"Chordata","Teleostei","Ovalentaria incertae sedis","Pomacentridae","Microspathodon","Microspathodon bairdii","fish",,40,1971,,TRUE,TRUE,
281572,"Chordata","Teleostei","Ovalentaria incertae sedis","Pomacentridae","Microspathodon","Microspathodon dorsalis","fish",,82,1971,,TRUE,TRUE,
293664,"Chordata","Teleostei","Ovalentaria incertae sedis","Opistognathidae","Opistognathus","Opistognathus fossoris","fish",,,,,FALSE,TRUE,
276471,"Chordata","Teleostei","Ovalentaria incertae sedis","Opistognathidae","Opistognathus","Opistognathus punctatus","fish",,4,,,TRUE,TRUE,
276473,"Chordata","Teleostei","Ovalentaria incertae sedis","Opistognathidae","Opistognathus","Opistognathus rhomaleus","fish",,4,,,TRUE,TRUE,
276476,"Chordata","Teleostei","Ovalentaria incertae sedis","Opistognathidae","Opistognathus","Opistognathus rosenblatti","fish",,6,,,TRUE,TRUE,
276658,"Chordata","Teleostei","Ovalentaria incertae sedis","Pomacentridae","Stegastes","Stegastes acapulcoensis","fish",,4,,,TRUE,TRUE,
276668,"Chordata","Teleostei","Ovalentaria incertae sedis","Pomacentridae","Stegastes","Stegastes flavilatus","fish",,22,1963,,TRUE,TRUE,
276673,"Chordata","Teleostei","Ovalentaria incertae sedis","Pomacentridae","Stegastes","Stegastes leucorus","fish","VU",129,2018,,TRUE,TRUE,
276680,"Chordata","Teleostei","Ovalentaria incertae sedis","Pomacentridae","Stegastes","Stegastes rectifraenum","fish",,16,1963,,TRUE,TRUE,
276681,"Chordata","Teleostei","Ovalentaria incertae sedis","Pomacentridae","Stegastes","Stegastes redemptus","fish","VU",170,1974,,TRUE,TRUE,
218168,"Chordata","Teleostei","Perciformes","Serranidae","Aethaloperca","Aethaloperca rogaa","fish",,,,,FALSE,TRUE,
279568,"Chordata","Teleostei","Perciformes","Serranidae","Alphestes","Alphestes immaculatus","fish",,8,1974,,TRUE,TRUE,
279569,"Chordata","Teleostei","Perciformes","Serranidae","Alphestes","Alphestes multiguttatus","fish",,2,,,TRUE,TRUE,
276275,"Chordata","Teleostei","Perciformes","Triglidae","Bellator","Bellator loxias","fish",,4,,,TRUE,TRUE,
279146,"Chordata","Teleostei","Perciformes","Serranidae","Cephalopholis","Cephalopholis cruentata","fish",,1,1959,,TRUE,FALSE,
279152,"Chordata","Teleostei","Perciformes","Serranidae","Cephalopholis","Cephalopholis panamensis","fish",,16,2018,,TRUE,TRUE,
276919,"Chordata","Teleostei","Perciformes","Serranidae","Dermatolepis","Dermatolepis dermatolepis","fish",,58,2018,,TRUE,TRUE,
276179,"Chordata","Teleostei","Perciformes","Serranidae","Diplectrum","Diplectrum euryplectrum","fish",,4,,,TRUE,TRUE,
273835,"Chordata","Teleostei","Perciformes","Serranidae","Epinephelus","Epinephelus analogus","fish",,7,1897,,TRUE,TRUE,
273843,"Chordata","Teleostei","Perciformes","Serranidae","Epinephelus","Epinephelus clippertonensis","fish",,12,2018,,TRUE,TRUE,
273858,"Chordata","Teleostei","Perciformes","Serranidae","Epinephelus","Epinephelus labriformis","fish",,124,2019,,TRUE,TRUE,
304761,"Chordata","Teleostei","Perciformes","Serranidae","Epinephelus","Epinephelus quinquefasciatus","fish",,5,1974,,TRUE,TRUE,
1605279,"Chordata","Teleostei","Perciformes","Serranidae","Hyporthodus","Hyporthodus cifuentesi","fish",,18,2018,,TRUE,TRUE,
475078,"Chordata","Teleostei","Perciformes","Serranidae","Hyporthodus","Hyporthodus niphobles","fish",,2,,,TRUE,TRUE,
273879,"Chordata","Teleostei","Perciformes","Serranidae","Mycteroperca","Mycteroperca jordani","fish","EN",4,,,TRUE,TRUE,
273882,"Chordata","Teleostei","Perciformes","Serranidae","Mycteroperca","Mycteroperca prionura","fish",,1,,,TRUE,TRUE,
282083,"Chordata","Teleostei","Perciformes","Serranidae","Paranthias","Paranthias colonus","fish",,74,2018,,TRUE,TRUE,
282084,"Chordata","Teleostei","Perciformes","Serranidae","Paranthias","Paranthias furcifer","fish",,125,1980,,TRUE,TRUE,
274695,"Chordata","Teleostei","Perciformes","Scorpaenidae","Pontinus","Pontinus vaughani","fish",,14,1990,,TRUE,TRUE,
276278,"Chordata","Teleostei","Perciformes","Triglidae","Prionotus","Prionotus albirostris","fish",,1,,,TRUE,TRUE,
282366,"Chordata","Teleostei","Perciformes","Serranidae","Pronotogrammus","Pronotogrammus multifasciatus","fish",,7,,,TRUE,TRUE,
398485,"Chordata","Teleostei","Perciformes","Serranidae","Pseudogramma","Pseudogramma thaumasia","fish",,8,1971,,TRUE,TRUE,
275957,"Chordata","Teleostei","Perciformes","Serranidae","Rypticus","Rypticus bicolor","fish",,8,1970,,TRUE,TRUE,
275960,"Chordata","Teleostei","Perciformes","Serranidae","Rypticus","Rypticus courtenayi","fish","VU",52,1974,,TRUE,TRUE,
275961,"Chordata","Teleostei","Perciformes","Serranidae","Rypticus","Rypticus nigripinnis","fish",,6,,,TRUE,TRUE,
274716,"Chordata","Teleostei","Perciformes","Scorpaenidae","Scorpaena","Scorpaena histrio","fish",,5,1979,,TRUE,TRUE,
274726,"Chordata","Teleostei","Perciformes","Scorpaenidae","Scorpaena","Scorpaena mystes","fish",,5,,,TRUE,TRUE,
159564,"Chordata","Teleostei","Perciformes","Scorpaenidae","Scorpaena","Scorpaena plumieri","fish",,3,1979,,TRUE,TRUE,
274756,"Chordata","Teleostei","Perciformes","Scorpaenidae","Scorpaenodes","Scorpaenodes xyris","fish",,32,1971,,TRUE,TRUE,
218102,"Chordata","Teleostei","Perciformes","Scorpaenidae","Scorpaenopsis","Scorpaenopsis gibbosa","fish",,2,1925,,TRUE,TRUE,
273888,"Chordata","Teleostei","Perciformes","Serranidae","Serranus","Serranus aequidens","fish",,1,,,TRUE,TRUE,
273904,"Chordata","Teleostei","Perciformes","Serranidae","Serranus","Serranus psittacinus","fish",,1,,,TRUE,TRUE,
273906,"Chordata","Teleostei","Perciformes","Serranidae","Serranus","Serranus socorroensis","fish","VU",13,2018,,TRUE,TRUE,
279721,"Chordata","Teleostei","Pleuronectiformes","Soleidae","Aseraggodes","Aseraggodes herrei","fish",,5,,,TRUE,TRUE,
274183,"Chordata","Teleostei","Pleuronectiformes","Bothidae","Bothus","Bothus constellatus","fish",,4,1974,,TRUE,TRUE,
274186,"Chordata","Teleostei","Pleuronectiformes","Bothidae","Bothus","Bothus leopardinus","fish",,8,,,TRUE,TRUE,
219796,"Chordata","Teleostei","Pleuronectiformes","Bothidae","Bothus","Bothus mancus","fish",,12,1970,,TRUE,TRUE,
159275,"Chordata","Teleostei","Pleuronectiformes","Bothidae","Bothus","Bothus ocellatus","fish",,3,1889,,TRUE,TRUE,
275688,"Chordata","Teleostei","Pleuronectiformes","Paralichthyidae","Citharichthys","Citharichthys gilberti","fish",,4,,,TRUE,TRUE,
275699,"Chordata","Teleostei","Pleuronectiformes","Paralichthyidae","Citharichthys","Citharichthys xanthostigma","fish",,1,,,TRUE,TRUE,
275840,"Chordata","Teleostei","Pleuronectiformes","Paralichthyidae","Syacium","Syacium latifrons","fish",,1,,,TRUE,TRUE,
275843,"Chordata","Teleostei","Pleuronectiformes","Paralichthyidae","Syacium","Syacium ovale","fish",,5,,,TRUE,TRUE,
274233,"Chordata","Teleostei","Pleuronectiformes","Cynoglossidae","Symphurus","Symphurus atramentatus","fish",,4,,,TRUE,TRUE,
1526206,"Chordata","Teleostei","Pleuronectiformes","Cynoglossidae","Symphurus","Symphurus leeorum","fish",,1,,,TRUE,TRUE,
127014,"Chordata","Teleostei","Scombriformes","Scombridae","Acanthocybium","Acanthocybium solandri","fish",,13,1974,,TRUE,TRUE,
713801,"Chordata","Teleostei","Scombriformes","Scombridae","Auxis","Auxis brachydorax","fish",,6,,,TRUE,TRUE,
713800,"Chordata","Teleostei","Scombriformes","Scombridae","Auxis","Auxis eudorax","fish",,2,,,TRUE,TRUE,
127016,"Chordata","Teleostei","Scombriformes","Scombridae","Auxis","Auxis thazard","fish",,1,1969,,TRUE,TRUE,
159424,"Chordata","Teleostei","Scombriformes","Nomeidae","Cubiceps","Cubiceps pauciradiatus","fish",,5,1968,,TRUE,TRUE,
219708,"Chordata","Teleostei","Scombriformes","Scombridae","Euthynnus","Euthynnus affinis","fish",,6,1986,,TRUE,TRUE,
273806,"Chordata","Teleostei","Scombriformes","Scombridae","Euthynnus","Euthynnus lineatus","fish",,8,1958,,TRUE,TRUE,
126862,"Chordata","Teleostei","Scombriformes","Gempylidae","Gempylus","Gempylus serpens","fish",,7,1976,,TRUE,TRUE,
127018,"Chordata","Teleostei","Scombriformes","Scombridae","Katsuwonus","Katsuwonus pelamis","fish",,4,,,TRUE,TRUE,
126863,"Chordata","Teleostei","Scombriformes","Gempylidae","Lepidocybium","Lepidocybium flavobrunneum","fish",,2,,,TRUE,TRUE,
274018,"Chordata","Teleostei","Scombriformes","Trichiuridae","Lepidopus","Lepidopus fitchi","fish",,3,1965,,TRUE,TRUE,
126864,"Chordata","Teleostei","Scombriformes","Gempylidae","Nealotus","Nealotus tripes","fish",,2,,,TRUE,TRUE,
126991,"Chordata","Teleostei","Scombriformes","Nomeidae","Nomeus","Nomeus gronovii","fish",,4,,,TRUE,TRUE,
273682,"Chordata","Teleostei","Scombriformes","Nomeidae","Psenes","Psenes sio","fish",,1,,,TRUE,TRUE,
293729,"Chordata","Teleostei","Scombriformes","Scombridae","Sarda","Sarda chiliensis","fish",,3,,,TRUE,TRUE,
304449,"Chordata","Teleostei","Scombriformes","Scombridae","Sarda","Sarda lineolata","fish",,1,,,TRUE,TRUE,
219713,"Chordata","Teleostei","Scombriformes","Scombridae","Sarda","Sarda orientalis","fish",,7,,,TRUE,TRUE,
273314,"Chordata","Teleostei","Scombriformes","Centrolophidae","Schedophilus","Schedophilus haedrichi","fish",,2,,,TRUE,TRUE,
219715,"Chordata","Teleostei","Scombriformes","Scombridae","Scomber","Scomber australasicus","fish",,7,1974,,TRUE,TRUE,
151174,"Chordata","Teleostei","Scombriformes","Scombridae","Scomber","Scomber colias","fish",,2,,,TRUE,TRUE,
127022,"Chordata","Teleostei","Scombriformes","Scombridae","Scomber","Scomber japonicus","fish",,14,1955,,TRUE,TRUE,
127026,"Chordata","Teleostei","Scombriformes","Scombridae","Thunnus","Thunnus alalunga","fish",,6,1956,,TRUE,TRUE,
127027,"Chordata","Teleostei","Scombriformes","Scombridae","Thunnus","Thunnus albacares","fish",,9,1958,,TRUE,TRUE,
127028,"Chordata","Teleostei","Scombriformes","Scombridae","Thunnus","Thunnus obesus","fish","VU",4,,,TRUE,TRUE,
273823,"Chordata","Teleostei","Scombriformes","Scombridae","Thunnus","Thunnus orientalis","fish","NT",1,,,TRUE,TRUE,
127089,"Chordata","Teleostei","Scombriformes","Trichiuridae","Trichiurus","Trichiurus lepturus","fish",,3,1962,,TRUE,TRUE,
158836,"Chordata","Teleostei","Stomiiformes","Sternoptychidae","Argyropelecus","Argyropelecus lychnus","fish",,2,1954,,TRUE,TRUE,
275045,"Chordata","Teleostei","Stomiiformes","Stomiidae","Bathophilus","Bathophilus filifer","fish",,4,1954,,TRUE,TRUE,
275046,"Chordata","Teleostei","Stomiiformes","Stomiidae","Bathophilus","Bathophilus flemingi","fish",,,,,FALSE,TRUE,
127282,"Chordata","Teleostei","Stomiiformes","Gonostomatidae","Cyclothone","Cyclothone acclinidens","fish",,3,,,TRUE,TRUE,
154831,"Chordata","Teleostei","Stomiiformes","Gonostomatidae","Cyclothone","Cyclothone signata","fish",,,,,FALSE,TRUE,
280483,"Chordata","Teleostei","Stomiiformes","Sternoptychidae","Danaphos","Danaphos oculatus","fish",,,,,FALSE,TRUE,
127292,"Chordata","Teleostei","Stomiiformes","Gonostomatidae","Diplophos","Diplophos taenia","fish",,3,1954,,TRUE,TRUE,
275151,"Chordata","Teleostei","Stomiiformes","Stomiidae","Idiacanthus","Idiacanthus antrostomus","fish",,3,,,TRUE,TRUE,
275178,"Chordata","Teleostei","Stomiiformes","Stomiidae","Stomias","Stomias atriventer","fish",,5,1971,,TRUE,TRUE,
274961,"Chordata","Teleostei","Stomiiformes","Phosichthyidae","Vinciguerria","Vinciguerria lucetia","fish",,13,1971,,TRUE,TRUE,
217964,"Chordata","Teleostei","Syngnathiformes","Aulostomidae","Aulostomus","Aulostomus chinensis","fish",,20,2018,,TRUE,TRUE,
278080,"Chordata","Teleostei","Syngnathiformes","Aulostomidae","Aulostomus","Aulostomus maculatus","fish",,1,1970,,TRUE,TRUE,
276236,"Chordata","Teleostei","Syngnathiformes","Syngnathidae","Bryx","Bryx veleronis","fish",,10,1955,,TRUE,TRUE,
218002,"Chordata","Teleostei","Syngnathiformes","Syngnathidae","Doryrhamphus","Doryrhamphus excisus","fish",,5,,,TRUE,TRUE,
313025,"Chordata","Teleostei","Syngnathiformes","Syngnathidae","Doryrhamphus","Doryrhamphus paulus","fish",,12,1974,,TRUE,FALSE,
217966,"Chordata","Teleostei","Syngnathiformes","Fistulariidae","Fistularia","Fistularia commersonii","fish",,19,2018,,TRUE,TRUE,
276231,"Chordata","Teleostei","Syngnathiformes","Fistulariidae","Fistularia","Fistularia corneta","fish",,8,1952,,TRUE,TRUE,
159439,"Chordata","Teleostei","Syngnathiformes","Fistulariidae","Fistularia","Fistularia petimba","fish",,1,1971,,TRUE,TRUE,
275217,"Chordata","Teleostei","Syngnathiformes","Syngnathidae","Syngnathus","Syngnathus auliscus","fish",,4,,,TRUE,TRUE,
127410,"Chordata","Teleostei","Tetraodontiformes","Ostraciidae","Acanthostracion","Acanthostracion notacanthus","fish",,4,1929,,TRUE,TRUE,
127407,"Chordata","Teleostei","Tetraodontiformes","Monacanthidae","Aluterus","Aluterus monoceros","fish",,5,,,TRUE,TRUE,
159491,"Chordata","Teleostei","Tetraodontiformes","Monacanthidae","Aluterus","Aluterus scriptus","fish",,34,1978,,TRUE,TRUE,
219925,"Chordata","Teleostei","Tetraodontiformes","Tetraodontidae","Arothron","Arothron hispidus","fish",,7,,,TRUE,TRUE,
219926,"Chordata","Teleostei","Tetraodontiformes","Tetraodontidae","Arothron","Arothron meleagris","fish",,82,2018,,TRUE,TRUE,
219921,"Chordata","Teleostei","Tetraodontiformes","Tetraodontidae","Arothron","Arothron nigropunctatus","fish",,,,,FALSE,TRUE,
275234,"Chordata","Teleostei","Tetraodontiformes","Balistidae","Balistes","Balistes polylepis","fish",,41,2018,,TRUE,TRUE,
276248,"Chordata","Teleostei","Tetraodontiformes","Monacanthidae","Cantherhines","Cantherhines dumerilii","fish",,40,2018,,TRUE,TRUE,
127398,"Chordata","Teleostei","Tetraodontiformes","Balistidae","Canthidermis","Canthidermis maculata","fish",,9,,,TRUE,TRUE,
275264,"Chordata","Teleostei","Tetraodontiformes","Tetraodontidae","Canthigaster","Canthigaster punctatissima","fish",,31,1974,,TRUE,TRUE,
219964,"Chordata","Teleostei","Tetraodontiformes","Diodontidae","Chilomycterus","Chilomycterus reticulatus","fish",,10,2018,,TRUE,TRUE,
127401,"Chordata","Teleostei","Tetraodontiformes","Diodontidae","Diodon","Diodon eydouxii","fish",,4,,,TRUE,TRUE,
127402,"Chordata","Teleostei","Tetraodontiformes","Diodontidae","Diodon","Diodon holocanthus","fish",,44,2018,,TRUE,TRUE,
127403,"Chordata","Teleostei","Tetraodontiformes","Diodontidae","Diodon","Diodon hystrix","fish",,17,1961,,TRUE,TRUE,
280944,"Chordata","Teleostei","Tetraodontiformes","Tetraodontidae","Guentheridia","Guentheridia formosa","fish",,1,,,TRUE,TRUE,
219903,"Chordata","Teleostei","Tetraodontiformes","Ostraciidae","Lactoria","Lactoria diaphana","fish",,19,1973,,TRUE,TRUE,
127414,"Chordata","Teleostei","Tetraodontiformes","Tetraodontidae","Lagocephalus","Lagocephalus lagocephalus","fish",,17,1980,,TRUE,TRUE,
219881,"Chordata","Teleostei","Tetraodontiformes","Balistidae","Melichthys","Melichthys niger","fish",,38,1971,,TRUE,TRUE,
219879,"Chordata","Teleostei","Tetraodontiformes","Balistidae","Melichthys","Melichthys vidua","fish",,4,,,TRUE,TRUE,
127405,"Chordata","Teleostei","Tetraodontiformes","Molidae","Mola","Mola mola","fish","VU",4,,,TRUE,TRUE,
219905,"Chordata","Teleostei","Tetraodontiformes","Ostraciidae","Ostracion","Ostracion meleagris","fish",,31,1974,,TRUE,TRUE,
279161,"Chordata","Teleostei","Tetraodontiformes","Balistidae","Pseudobalistes","Pseudobalistes naufragium","fish",,2,,,TRUE,TRUE,
127406,"Chordata","Teleostei","Tetraodontiformes","Molidae","Ranzania","Ranzania laevis","fish",,4,,,TRUE,TRUE,
275279,"Chordata","Teleostei","Tetraodontiformes","Tetraodontidae","Sphoeroides","Sphoeroides lobatus","fish",,4,,,TRUE,TRUE,
276853,"Chordata","Teleostei","Tetraodontiformes","Balistidae","Sufflamen","Sufflamen verres","fish",,30,2018,,TRUE,TRUE,
219896,"Chordata","Teleostei","Tetraodontiformes","Balistidae","Xanthichthys","Xanthichthys lineopunctatus","fish",,11,1932,,TRUE,TRUE,
276247,"Chordata","Teleostei","Tetraodontiformes","Balistidae","Xanthichthys","Xanthichthys mento","fish",,167,2018,,TRUE,TRUE,
159486,"Chordata","Teleostei","Tetraodontiformes","Balistidae","Xanthichthys","Xanthichthys ringens","fish",,1,1963,,TRUE,TRUE,
137089,"Chordata","Mammalia","Cetartiodactyla","Balaenopteridae","Balaenoptera","Balaenoptera edeni","mammal",,2,2003,,TRUE,TRUE,
137090,"Chordata","Mammalia","Cetartiodactyla","Balaenopteridae","Balaenoptera","Balaenoptera musculus","mammal","EN",4,2007,,TRUE,TRUE,
137091,"Chordata","Mammalia","Cetartiodactyla","Balaenopteridae","Balaenoptera","Balaenoptera physalus","mammal","VU",,,,FALSE,TRUE,
137094,"Chordata","Mammalia","Cetartiodactyla","Delphinidae","Delphinus","Delphinus delphis","mammal",,1,1987,,TRUE,TRUE,
137098,"Chordata","Mammalia","Cetartiodactyla","Delphinidae","Grampus","Grampus griseus","mammal",,9,2000,,TRUE,TRUE,
137092,"Chordata","Mammalia","Cetartiodactyla","Balaenopteridae","Megaptera","Megaptera novaeangliae","mammal",,2828,2023,,TRUE,TRUE,
137102,"Chordata","Mammalia","Cetartiodactyla","Delphinidae","Orcinus","Orcinus orca","mammal",,2,2015,,TRUE,TRUE,
137119,"Chordata","Mammalia","Cetartiodactyla","Physeteridae","Physeter","Physeter macrocephalus","mammal","VU",1,1986,,TRUE,TRUE,
137104,"Chordata","Mammalia","Cetartiodactyla","Delphinidae","Pseudorca","Pseudorca crassidens","mammal","NT",,,,FALSE,TRUE,
137105,"Chordata","Mammalia","Cetartiodactyla","Delphinidae","Stenella","Stenella attenuata","mammal",,17,2006,,TRUE,TRUE,
137107,"Chordata","Mammalia","Cetartiodactyla","Delphinidae","Stenella","Stenella coeruleoalba","mammal",,40,2006,,TRUE,TRUE,
137109,"Chordata","Mammalia","Cetartiodactyla","Delphinidae","Stenella","Stenella longirostris","mammal",,,,,FALSE,TRUE,
368867,"Chordata","Mammalia","Cetartiodactyla","Delphinidae","Stenella","Stenella longirostris","mammal",,10,2003,,TRUE,FALSE,
137110,"Chordata","Mammalia","Cetartiodactyla","Delphinidae","Steno","Steno bredanensis","mammal",,1,1988,,TRUE,TRUE,
137111,"Chordata","Mammalia","Cetartiodactyla","Delphinidae","Tursiops","Tursiops truncatus","mammal",,30,2006,,TRUE,TRUE,
137127,"Chordata","Mammalia","Cetartiodactyla","Ziphiidae","Ziphius","Ziphius cavirostris","mammal",,2,2000,,TRUE,TRUE,
137205,"Chordata",,"Testudines","Cheloniidae","Caretta","Caretta caretta","turtle","VU",1,1998,,TRUE,FALSE,
137206,"Chordata",,"Testudines","Cheloniidae","Chelonia","Chelonia mydas","turtle","EN",,,,FALSE,TRUE,
137207,"Chordata",,"Testudines","Cheloniidae","Eretmochelys","Eretmochelys imbricata","turtle","CR",7,2021,,TRUE,TRUE,
220293,"Chordata",,"Testudines","Cheloniidae","Lepidochelys","Lepidochelys olivacea","turtle","VU",40,2017,,TRUE,TRUE,
